Rank,Company Name,Ticker Symbol,Index Weight %,Stock Price,Day Change $,Day Change %
1,Nvidia,NVDA,7.65,195.62,4.13,-2.16
2,Microsoft,MSFT,6.47,542.62,11.10,-2.09
3,Apple Inc.,AAPL,6.41,269.05,0.24,-0.09
4,Amazon,AMZN,3.93,229.63,2.66,-1.17
5,Meta Platforms,META,3.04,754.38,3.56,-0.47
6,Broadcom,AVGO,2.80,369.42,7.37,-2.03
7,Alphabet Inc. (Class A),GOOGL,2.69,268.04,-1.23,-0.46
8,Alphabet Inc. (Class C),GOOG,2.52,268.78,-1.15,-0.43
9,"Tesla, Inc.",TSLA,2.48,464.90,12.48,2.76
10,Berkshire Hathaway,BRK.B,1.68,484.36,-3.71,-0.76
11,JPMorgan Chase,JPM,1.33,304.47,0.31,0.10
12,Walmart,WMT,1.33,103.63,-0.84,-0.80
13,Oracle Corporation,ORCL,1.30,283.80,2.40,0.85
14,Lilly (Eli),LLY,1.18,819.23,-7.18,-0.87
15,Visa Inc.,V,1.09,348.25,0.43,0.12
16,Mastercard,MA,0.83,569.27,-3.09,-0.54
17,ExxonMobil,XOM,0.79,115.43,-0.51,-0.44
18,Netflix,NFLX,0.75,1104.58,10.02,0.91
19,Johnson & Johnson,JNJ,0.73,187.53,-2.77,-1.46
20,Palantir Technologies,PLTR,0.72,188.11,-1.07,-0.56
21,Advanced Micro Devices,AMD,0.68,262.30,2.63,1.01
22,Costco,COST,0.66,924.06,-5.79,-0.62
23,AbbVie,ABBV,0.65,227.96,-0.07,-0.03
24,Home Depot (The),HD,0.62,389.21,3.94,1.02
25,Bank of America,BAC,0.62,52.65,-0.37,-0.70
26,Procter & Gamble,PG,0.57,152.62,0.88,0.58
27,UnitedHealth Group,UNH,0.55,376.19,10.21,2.79
28,GE Aerospace,GE,0.53,311.95,-0.89,-0.29
29,Chevron Corporation,CVX,0.50,154.79,-0.49,-0.32
30,Coca-Cola Company (The),KO,0.49,70.45,0.39,0.56
31,IBM,IBM,0.48,317.77,4.68,1.50
32,Cisco,CSCO,0.46,71.96,0.56,0.79
33,Wells Fargo,WFC,0.44,86.84,-0.17,-0.20
34,Morgan Stanley,MS,0.42,164.71,-1.31,-0.79
35,Micron Technology,MU,0.40,222.49,2.39,1.08
36,American Express,AXP,0.40,362.06,0.38,0.11
37,T-Mobile US,TMUS,0.40,220.98,0.30,0.13
38,Caterpillar Inc.,CAT,0.40,527.41,0.34,0.06
39,Salesforce,CRM,0.39,258.02,2.55,1.00
40,Goldman Sachs,GS,0.39,790.35,0.36,0.05
41,RTX Corporation,RTX,0.39,179.70,0.46,0.26
42,Philip Morris International,PM,0.37,148.86,-4.35,-2.84
43,Abbott Laboratories,ABT,0.35,126.88,-0.30,-0.24
44,McDonald's,MCD,0.35,309.25,-0.75,-0.24
45,Merck & Co.,MRK,0.35,87.32,-0.68,-0.78
46,AppLovin Corporation,APP,0.34,624.59,-18.51,-2.88
47,Thermo Fisher Scientific,TMO,0.34,558.88,-4.90,-0.87
48,Linde plc,LIN,0.33,443.96,-0.86,-0.19
49,PepsiCo,PEP,0.33,151.71,-0.92,-0.60
50,Intel,INTC,0.32,42.36,2.82,7.13
51,Walt Disney Company (The),DIS,0.32,111.87,-0.47,-0.42
52,Uber,UBER,0.32,96.23,-0.19,-0.20
53,Arista Networks,ANET,0.32,156.79,-0.02,-0.02
54,Qualcomm,QCOM,0.32,182.55,-5.14,-2.74
55,ServiceNow,NOW,0.31,940.30,-5.99,-0.63
56,Lam Research,LRCX,0.31,154.67,-2.23,-1.42
57,Intuitive Surgical,ISRG,0.31,543.34,-7.91,-1.44
58,Intuit,INTU,0.31,685.48,2.09,0.31
59,Applied Materials,AMAT,0.29,229.16,-2.17,-0.94
60,AT&T,T,0.29,25.53,0.00,0.01
61,Citigroup,C,0.29,100.69,-0.30,-0.29
62,BlackRock,BLK,0.28,1131.57,0.26,0.02
63,NextEra Energy,NEE,0.28,84.23,-1.80,-2.09
64,Charles Schwab Corporation,SCHW,0.27,93.88,-0.96,-1.02
65,Boeing,BA,0.27,224.92,1.92,0.86
66,Booking Holdings,BKNG,0.27,5215.76,-38.64,-0.74
67,Verizon,VZ,0.27,39.38,0.15,0.38
68,Amphenol,APH,0.27,135.95,0.04,0.03
69,TJX Companies,TJX,0.26,143.49,0.22,0.15
70,KLA Corporation,KLAC,0.25,1201.82,-13.31,-1.10
71,Accenture,ACN,0.25,254.14,3.37,1.35
72,Amgen,AMGN,0.25,291.58,0.42,0.15
73,GE Vernova,GEV,0.25,576.22,-8.17,-1.40
74,Danaher Corporation,DHR,0.25,218.42,-2.59,-1.17
75,Texas Instruments,TXN,0.25,168.62,-0.79,-0.47
76,Adobe Inc.,ADBE,0.24,361.93,4.13,1.16
77,S&P Global,SPGI,0.24,495.30,-1.34,-0.27
78,Palo Alto Networks,PANW,0.24,222.39,2.10,0.95
79,Boston Scientific,BSX,0.24,101.43,-1.00,-0.98
80,Eaton Corporation,ETN,0.24,378.65,-1.09,-0.29
81,Gilead Sciences,GILD,0.24,118.47,-2.00,-1.66
82,Stryker Corporation,SYK,0.23,378.03,-5.69,-1.48
83,Capital One,COF,0.23,221.40,-2.09,-0.94
84,Pfizer,PFE,0.22,24.57,-0.20,-0.81
85,Lowe's,LOW,0.22,245.90,2.25,0.92
86,CrowdStrike,CRWD,0.22,544.79,15.09,2.85
87,Honeywell,HON,0.22,214.76,-0.31,-0.15
88,"Robinhood Markets, Inc.",HOOD,0.21,146.82,0.96,0.66
89,Union Pacific Corporation,UNP,0.21,219.31,1.08,0.50
90,Deere & Company,DE,0.20,471.70,-6.40,-1.34
91,Progressive Corporation,PGR,0.20,214.24,-2.35,-1.08
92,Welltower,WELL,0.19,180.33,-2.28,-1.25
93,Constellation Energy,CEG,0.19,385.93,-5.22,-1.34
94,Medtronic,MDT,0.19,93.80,-0.33,-0.35
95,Blackstone Inc.,BX,0.19,152.08,-1.77,-1.15
96,Analog Devices,ADI,0.19,240.95,-2.06,-0.85
97,Prologis,PLD,0.19,126.41,-0.67,-0.53
98,Automatic Data Processing,ADP,0.18,281.20,0.67,0.24
99,Lockheed Martin,LMT,0.18,487.26,0.35,0.07
100,DoorDash,DASH,0.18,260.98,-2.37,-0.90
101,Dell Technologies,DELL,0.18,165.31,3.12,1.92
102,Chubb Limited,CB,0.18,277.79,-3.89,-1.38
103,ConocoPhillips,COP,0.17,87.29,-1.40,-1.58
104,HCA Healthcare,HCA,0.17,464.88,-2.98,-0.64
105,Comcast,CMCSA,0.17,29.25,-0.17,-0.58
106,KKR,KKR,0.17,121.13,-1.14,-0.93
107,Vertex Pharmaceuticals,VRTX,0.17,420.06,-0.11,-0.03
108,Altria,MO,0.17,63.34,-0.40,-0.62
109,CVS Health,CVS,0.17,82.41,-0.05,-0.05
110,Southern Company,SO,0.17,93.99,-1.41,-1.47
111,"Nike, Inc.",NKE,0.16,68.40,-0.19,-0.27
112,McKesson Corporation,MCK,0.16,808.66,-2.78,-0.34
113,Starbucks,SBUX,0.16,86.46,-0.76,-0.87
114,Duke Energy,DUK,0.16,126.05,-1.44,-1.13
115,Parker Hannifin,PH,0.16,770.26,-3.92,-0.51
116,CME Group,CME,0.16,268.94,-2.15,-0.79
117,Trane Technologies,TT,0.15,429.98,1.70,0.40
118,General Dynamics,GD,0.15,348.56,-5.21,-1.47
119,Cadence Design Systems,CDNS,0.15,343.76,-7.64,-2.17
120,Coinbase Global,COIN,0.15,360.03,-1.40,-0.39
121,Intercontinental Exchange,ICE,0.15,158.87,-0.97,-0.61
122,Marsh McLennan,MMC,0.14,184.20,-3.42,-1.82
123,3M,MMM,0.14,167.55,-0.85,-0.50
124,Sherwin-Williams,SHW,0.14,354.10,18.02,5.36
125,Moody's Corporation,MCO,0.14,494.82,-0.26,-0.05
126,Bristol Myers Squibb,BMY,0.14,43.10,-0.29,-0.66
127,Newmont,NEM,0.14,78.90,0.27,0.34
128,American Tower,AMT,0.14,182.83,-6.90,-3.63
129,Northrop Grumman,NOC,0.14,596.17,0.22,0.04
130,Synopsys,SNPS,0.13,451.82,-13.59,-2.92
131,Waste Management,WM,0.13,206.71,-7.06,-3.30
132,Cigna,CI,0.13,310.90,1.72,0.56
133,O'Reilly Auto Parts,ORLY,0.13,97.07,1.28,1.33
134,Howmet Aerospace,HWM,0.13,202.90,1.06,0.52
135,United Parcel Service,UPS,0.13,96.44,7.22,8.09
136,Equinix,EQIX,0.13,821.75,-21.02,-2.49
137,Mondelez International,MDLZ,0.13,61.90,0.24,0.38
138,Airbnb,ABNB,0.13,128.69,-0.38,-0.29
139,Royal Caribbean Group,RCL,0.13,290.03,-30.23,-9.44
140,Elevance Health,ELV,0.12,346.36,3.87,1.13
141,Ecolab,ECL,0.12,269.14,-10.57,-3.78
142,Emerson Electric,EMR,0.12,135.15,0.69,0.52
143,TransDigm Group,TDG,0.12,1342.95,-11.52,-0.85
144,Cintas,CTAS,0.12,188.10,-0.58,-0.31
145,BNY Mellon,BK,0.12,108.19,0.61,0.57
146,Corning Inc.,GLW,0.12,86.40,-2.98,-3.33
147,Motorola Solutions,MSI,0.12,444.20,0.20,0.05
148,Johnson Controls,JCI,0.12,112.57,-0.48,-0.43
149,U.S. Bancorp,USB,0.12,47.33,-0.47,-0.99
150,PayPal,PYPL,0.12,76.33,6.08,8.65
151,Marriott International,MAR,0.12,268.11,-3.10,-1.14
152,Apollo Global Management,APO,0.12,125.62,-0.75,-0.59
153,Illinois Tool Works,ITW,0.12,246.39,-1.42,-0.57
154,PNC Financial Services,PNC,0.11,182.22,-2.64,-1.43
155,Aon,AON,0.11,331.50,-5.37,-1.59
156,TE Connectivity,TEL,0.11,238.24,1.50,0.63
157,Williams Companies,WMB,0.11,57.42,-0.26,-0.44
158,Arthur J. Gallagher & Co.,AJG,0.11,271.72,-7.28,-2.61
159,Fiserv,FI,0.11,127.93,1.39,1.10
160,Republic Services,RSG,0.11,218.84,-2.20,-1.00
161,Regeneron Pharmaceuticals,REGN,0.11,637.89,52.58,8.98
162,Monster Beverage,MNST,0.11,68.59,-1.09,-1.57
163,Autodesk,ADSK,0.11,313.58,0.05,0.02
164,Fortinet,FTNT,0.11,86.61,1.32,1.55
165,CSX Corporation,CSX,0.11,35.54,-0.46,-1.27
166,General Motors,GM,0.10,70.06,0.68,0.98
167,Quanta Services,PWR,0.10,438.47,-3.36,-0.76
168,Vistra Corp.,VST,0.10,192.63,-6.67,-3.34
169,Cencora,COR,0.10,335.49,-0.56,-0.17
170,Zoetis,ZTS,0.10,146.60,-0.93,-0.63
171,AutoZone,AZO,0.10,3861.05,46.84,1.23
172,"Workday, Inc.",WDAY,0.10,239.88,0.97,0.40
173,Norfolk Southern Railway,NSC,0.10,282.50,0.86,0.31
174,Colgate-Palmolive,CL,0.10,77.33,-0.50,-0.64
175,American Electric Power,AEP,0.10,115.49,-0.90,-0.77
176,Hilton Worldwide,HLT,0.10,262.83,-3.39,-1.27
177,Sempra,SRE,0.10,92.87,-0.31,-0.33
178,Travelers Companies (The),TRV,0.10,270.27,-0.07,-0.03
179,Digital Realty,DLR,0.10,175.14,-3.00,-1.68
180,Freeport-McMoRan,FCX,0.10,41.66,0.56,1.36
181,FedEx,FDX,0.10,251.75,4.41,1.78
182,Axon Enterprise,AXON,0.10,754.77,5.76,0.77
183,Marathon Petroleum,MPC,0.09,193.74,-2.49,-1.27
184,Simon Property Group,SPG,0.09,177.53,-2.25,-1.25
185,EOG Resources,EOG,0.09,106.01,-0.77,-0.72
186,Kinder Morgan,KMI,0.09,25.94,-0.21,-0.82
187,Cummins,CMI,0.09,417.92,-3.14,-0.75
188,Aflac,AFL,0.09,106.89,-0.66,-0.62
189,United Rentals,URI,0.09,894.20,-6.14,-0.68
190,Air Products,APD,0.09,255.52,-0.24,-0.10
191,Truist Financial,TFC,0.09,44.32,-0.32,-0.71
192,NXP Semiconductors,NXPI,0.09,219.95,-1.62,-0.73
193,Datadog,DDOG,0.09,157.25,-0.37,-0.24
194,Phillips 66,PSX,0.09,135.31,-0.11,-0.08
195,Chipotle Mexican Grill,CMG,0.09,40.67,-0.40,-0.96
196,Realty Income,O,0.09,59.42,-0.98,-1.62
197,L3Harris,LHX,0.09,289.92,-1.22,-0.42
198,Schlumberger,SLB,0.09,35.89,-0.27,-0.76
199,Becton Dickinson,BDX,0.09,185.11,-1.93,-1.03
200,Paccar,PCAR,0.08,100.38,-0.70,-0.69
201,MetLife,MET,0.08,79.02,0.15,0.19
202,Ford Motor Company,F,0.08,13.19,-0.07,-0.56
203,Public Storage,PSA,0.08,299.15,-1.19,-0.40
204,Valero Energy,VLO,0.08,171.92,-2.43,-1.39
205,Monolithic Power Systems,MPWR,0.08,1094.91,-10.14,-0.92
206,Ross Stores,ROST,0.08,160.97,0.24,0.15
207,Warner Bros. Discovery,WBD,0.08,20.99,-0.05,-0.22
208,Idexx Laboratories,IDXX,0.08,641.44,-5.96,-0.92
209,Dominion Energy,D,0.08,59.95,-0.85,-1.40
210,"Nasdaq, Inc.",NDAQ,0.08,88.73,-0.05,-0.05
211,Allstate,ALL,0.08,192.03,-1.17,-0.61
212,Carrier Global,CARR,0.08,59.13,0.84,1.44
213,Electronic Arts,EA,0.08,200.47,-0.03,-0.01
214,Roper Technologies,ROP,0.08,458.98,-4.75,-1.02
215,"Block, Inc.",XYZ,0.08,80.56,0.41,0.52
216,Fastenal,FAST,0.08,42.15,-0.39,-0.92
217,Exelon,EXC,0.08,47.79,-0.28,-0.58
218,Edwards Lifesciences,EW,0.08,82.10,1.28,1.58
219,Seagate Technology,STX,0.08,225.53,-4.79,-2.08
220,CBRE Group,CBRE,0.08,161.20,0.06,0.04
221,Garmin,GRMN,0.08,246.32,-5.10,-2.03
222,Xcel Energy,XEL,0.08,79.73,-0.96,-1.19
223,Baker Hughes,BKR,0.08,47.68,1.08,2.32
224,Take-Two Interactive,TTWO,0.08,254.33,0.06,0.02
225,W. W. Grainger,GWW,0.07,976.63,-1.68,-0.17
226,D. R. Horton,DHI,0.07,155.84,-3.02,-1.90
227,Ameriprise Financial,AMP,0.07,484.69,0.06,0.01
228,eBay,EBAY,0.07,99.75,1.73,1.77
229,MSCI,MSCI,0.07,585.91,39.05,7.14
230,Target Corporation,TGT,0.07,99.31,1.54,1.58
231,Kroger,KR,0.07,67.87,-0.16,-0.24
232,Paychex,PAYX,0.07,123.65,-1.36,-1.09
233,American International Group,AIG,0.07,78.85,-0.47,-0.59
234,ONEOK,OKE,0.07,68.91,-0.39,-0.56
235,Corteva,CTVA,0.07,63.77,-0.16,-0.25
236,Ametek,AME,0.07,185.32,-1.43,-0.77
237,Copart,CPRT,0.07,44.16,0.00,0.00
238,Entergy,ETR,0.07,95.56,-1.80,-1.85
239,Western Digital,WDC,0.07,123.92,-2.75,-2.17
240,Agilent Technologies,A,0.07,146.29,-0.30,-0.20
241,Diamondback Energy,FANG,0.07,141.30,-3.10,-2.14
242,Public Service Enterprise Group,PEG,0.07,81.82,-1.63,-1.95
243,Occidental Petroleum,OXY,0.07,41.16,-1.14,-2.71
244,Rockwell Automation,ROK,0.06,359.89,-1.64,-0.45
245,Kimberly-Clark,KMB,0.06,121.73,1.11,0.92
246,Crown Castle,CCI,0.06,92.30,-5.30,-5.43
247,Fair Isaac,FICO,0.06,1674.19,-10.90,-0.65
248,Las Vegas Sands,LVS,0.06,58.01,-1.43,-2.41
249,Yum! Brands,YUM,0.06,142.35,-0.63,-0.44
250,Delta Air Lines,DAL,0.06,59.82,-0.63,-1.05
251,Keurig Dr Pepper,KDP,0.06,28.71,-0.52,-1.79
252,Cardinal Health,CAH,0.06,163.45,-0.35,-0.21
253,Vulcan Materials Company,VMC,0.06,291.80,-0.21,-0.07
254,ResMed,RMD,0.06,259.16,-0.06,-0.02
255,WEC Energy Group,WEC,0.06,115.79,-0.89,-0.76
256,Martin Marietta Materials,MLM,0.06,616.52,-0.32,-0.05
257,Carnival,CCL,0.06,28.12,-1.30,-4.41
258,Hershey Company (The),HSY,0.06,181.95,0.50,0.28
259,Xylem Inc.,XYL,0.06,151.46,2.06,1.38
260,Sysco,SYY,0.06,76.93,-1.07,-1.37
261,IQVIA,IQV,0.06,215.78,-1.65,-0.76
262,GE HealthCare,GEHC,0.06,79.04,0.69,0.88
263,Estée Lauder Companies (The),EL,0.06,100.03,-0.43,-0.43
264,Otis Worldwide,OTIS,0.06,91.70,-0.35,-0.38
265,Humana,HUM,0.06,298.53,6.19,2.12
266,Prudential Financial,PRU,0.06,101.76,-0.45,-0.44
267,Consolidated Edison,ED,0.06,99.05,-1.17,-1.17
268,PG&E Corporation,PCG,0.06,16.17,-0.26,-1.61
269,Live Nation Entertainment,LYV,0.06,151.57,-1.60,-1.05
270,Nucor,NUE,0.06,152.32,8.16,5.66
271,DuPont,DD,0.06,82.91,1.53,1.88
272,Microchip Technology,MCHP,0.06,64.24,-0.31,-0.48
273,Hartford (The),HIG,0.06,122.95,-2.03,-1.62
274,Fidelity National Information Services,FIS,0.06,66.17,-0.36,-0.54
275,Wabtec,WAB,0.05,199.50,-0.84,-0.42
276,"EMCOR Group, Inc.",EME,0.05,755.18,0.32,0.04
277,Charter Communications,CHTR,0.05,245.58,0.14,0.06
278,NRG Energy,NRG,0.05,172.97,0.38,0.22
279,CoStar Group,CSGP,0.05,78.83,0.70,0.90
280,Cognizant,CTSH,0.05,68.12,0.07,0.11
281,State Street Corporation,STT,0.05,117.63,0.60,0.51
282,Lennar,LEN,0.05,128.84,0.12,0.09
283,Targa Resources,TRGP,0.05,152.23,-1.75,-1.14
284,Verisk Analytics,VRSK,0.05,234.19,0.51,0.22
285,EQT Corporation,EQT,0.05,52.41,-1.34,-2.49
286,Vici Properties,VICI,0.05,30.47,-0.50,-1.61
287,Hewlett Packard Enterprise,HPE,0.05,24.36,0.18,0.72
288,Raymond James Financial,RJF,0.05,161.54,-0.19,-0.11
289,Ventas,VTR,0.05,70.04,-1.51,-2.11
290,Arch Capital Group,ACGL,0.05,85.29,-0.66,-0.76
291,Supermicro,SMCI,0.05,53.43,1.86,3.61
292,United Airlines Holdings,UAL,0.05,97.83,-0.97,-0.98
293,Ingersoll Rand,IR,0.05,79.39,-0.85,-1.06
294,Extra Space Storage,EXR,0.05,148.08,-1.43,-0.96
295,Willis Towers Watson,WTW,0.05,321.64,-5.23,-1.60
296,Interactive Brokers Group,IBKR,0.05,69.18,-0.31,-0.45
297,Iron Mountain,IRM,0.05,104.09,-2.37,-2.23
298,Kraft Heinz,KHC,0.05,25.56,-0.03,-0.13
299,Archer Daniels Midland,ADM,0.05,61.70,-0.24,-0.40
300,Tractor Supply,TSCO,0.05,55.79,-0.58,-1.03
301,DTE Energy,DTE,0.05,140.29,-1.34,-0.95
302,Mettler Toledo,MTD,0.05,1409.28,-10.43,-0.73
303,Keysight Technologies,KEYS,0.05,168.86,1.09,0.65
304,Kellanova,K,0.05,83.08,-0.05,-0.05
305,Old Dominion,ODFL,0.05,137.23,0.50,0.36
306,M&T Bank,MTB,0.05,181.76,-1.16,-0.64
307,Atmos Energy,ATO,0.05,175.44,-0.91,-0.52
308,Ameren,AEE,0.04,103.63,-1.18,-1.13
309,Expedia Group,EXPE,0.04,225.49,2.99,1.34
310,W. R. Berkley Corporation,WRB,0.04,73.37,-1.89,-2.51
311,Eversource Energy,ES,0.04,75.06,0.35,0.46
312,Fifth Third Bancorp,FITB,0.04,42.12,-0.33,-0.78
313,Kenvue,KVUE,0.04,14.49,-0.59,-3.91
314,Equifax,EFX,0.04,225.98,-3.04,-1.33
315,Brown & Brown,BRO,0.04,83.68,-4.08,-4.65
316,PPL Corporation,PPL,0.04,37.12,-0.34,-0.92
317,"Rollins, Inc.",ROL,0.04,56.39,0.16,0.28
318,Synchrony Financial,SYF,0.04,74.73,-0.23,-0.31
319,Broadridge Financial Solutions,BR,0.04,229.93,-1.99,-0.86
320,Dexcom,DXCM,0.04,68.20,-2.43,-3.44
321,FirstEnergy,FE,0.04,46.26,-0.18,-0.40
322,American Water Works,AWK,0.04,135.30,-2.69,-1.95
323,AvalonBay Communities,AVB,0.04,185.03,-3.34,-1.77
324,HP Inc.,HPQ,0.04,28.09,0.17,0.61
325,First Solar,FSLR,0.04,242.20,-5.49,-2.22
326,CenterPoint Energy,CNP,0.04,39.65,-0.09,-0.24
327,"The Trade Desk, Inc.",TTD,0.04,52.87,-0.74,-1.37
328,General Mills,GIS,0.04,48.42,0.13,0.27
329,Veralto,VLTO,0.04,102.67,-1.45,-1.39
330,International Paper,IP,0.04,47.77,-0.42,-0.87
331,Cboe Global Markets,CBOE,0.04,239.94,1.67,0.70
332,Teledyne Technologies,TDY,0.04,528.99,0.52,0.10
333,Williams-Sonoma,WSM,0.04,202.89,10.02,5.20
334,Dover Corporation,DOV,0.04,178.84,0.88,0.49
335,PTC Inc.,PTC,0.04,203.00,-0.28,-0.14
336,Leidos,LDOS,0.04,189.31,0.20,0.11
337,Expand Energy,EXE,0.04,101.79,-2.09,-2.01
338,Cincinnati Financial,CINF,0.04,154.42,-3.22,-2.04
339,Northern Trust,NTRS,0.04,127.26,1.06,0.84
340,PPG Industries,PPG,0.04,106.19,0.74,0.70
341,Hubbell Incorporated,HUBB,0.04,448.53,14.55,3.35
342,Steel Dynamics,STLD,0.04,162.33,4.30,2.72
343,PulteGroup,PHM,0.04,121.48,1.18,0.98
344,Constellation Brands,STZ,0.04,135.16,-2.80,-2.03
345,Equity Residential,EQR,0.04,61.92,-1.40,-2.20
346,Steris,STE,0.04,240.02,-0.89,-0.37
347,"Tapestry, Inc.",TPR,0.04,114.03,-0.94,-0.82
348,Ulta Beauty,ULTA,0.04,522.43,-0.39,-0.07
349,Teradyne,TER,0.04,146.71,-0.79,-0.54
350,NetApp,NTAP,0.04,116.45,-0.75,-0.64
351,T. Rowe Price,TROW,0.04,104.99,0.08,0.08
352,Jabil,JBL,0.04,214.68,3.45,1.63
353,Insulet Corporation,PODD,0.04,323.15,-2.65,-0.81
354,Verisign,VRSN,0.04,244.26,-2.96,-1.20
355,Dollar General,DG,0.04,102.63,-0.14,-0.14
356,Huntington Bancshares,HBAN,0.04,15.45,-0.20,-1.25
357,Smurfit WestRock,SW,0.04,43.10,-0.30,-0.70
358,Halliburton,HAL,0.04,26.73,-0.07,-0.28
359,Citizens Financial Group,CFG,0.04,51.31,-0.60,-1.16
360,Tyler Technologies,TYL,0.04,511.41,2.35,0.46
361,CMS Energy,CMS,0.04,73.60,-0.99,-1.33
362,Biogen,BIIB,0.04,148.91,-1.52,-1.01
363,LabCorp,LH,0.03,261.19,-14.47,-5.25
364,Edison International,EIX,0.03,56.34,-0.57,-1.00
365,Regions Financial Corporation,RF,0.03,24.27,0.03,0.10
366,Lululemon Athletica,LULU,0.03,179.91,-1.48,-0.82
367,ON Semiconductor,ON,0.03,51.99,-0.69,-1.31
368,Dollar Tree,DLTR,0.03,104.10,1.51,1.47
369,Darden Restaurants,DRI,0.03,182.33,-1.31,-0.71
370,Texas Pacific Land Corporation,TPL,0.03,915.48,-13.92,-1.50
371,Global Payments,GPN,0.03,86.61,-0.18,-0.21
372,SBA Communications,SBAC,0.03,193.00,-4.30,-2.18
373,Church & Dwight,CHD,0.03,85.01,-0.63,-0.73
374,Waters Corporation,WAT,0.03,347.90,-3.85,-1.09
375,Loews Corporation,L,0.03,99.52,-0.54,-0.54
376,NiSource,NI,0.03,43.68,-0.05,-0.13
377,CDW,CDW,0.03,156.69,-2.54,-1.60
378,Devon Energy,DVN,0.03,32.27,-0.66,-2.00
379,West Pharmaceutical Services,WST,0.03,284.70,-2.52,-0.88
380,"NVR, Inc.",NVR,0.03,7432.23,-6.10,-0.08
381,Corpay,CPAY,0.03,287.00,2.76,0.97
382,Ralph Lauren Corporation,RL,0.03,333.96,-3.61,-1.07
383,Zimmer Biomet,ZBH,0.03,101.66,-1.46,-1.41
384,Quest Diagnostics,DGX,0.03,178.66,-1.60,-0.89
385,KeyCorp,KEY,0.03,17.48,-0.13,-0.77
386,Gartner,IT,0.03,255.57,-0.01,-0.00
387,Bunge Global,BG,0.03,96.71,0.29,0.30
388,Amcor,AMCR,0.03,8.35,0.08,0.91
389,Trimble Inc.,TRMB,0.03,80.89,-0.23,-0.29
390,Aptiv,APTV,0.03,87.04,0.93,1.08
391,Jacobs Solutions,J,0.03,158.39,-2.61,-1.62
392,Tyson Foods,TSN,0.03,52.51,0.42,0.81
393,Packaging Corporation of America,PKG,0.03,207.35,0.74,0.36
394,Genuine Parts Company,GPC,0.03,132.64,1.22,0.92
395,Principal Financial Group,PFG,0.03,81.74,2.17,2.73
396,GoDaddy,GDDY,0.03,131.28,-0.60,-0.45
397,Dow Inc.,DOW,0.03,25.40,-0.33,-1.27
398,Snap-on,SNA,0.03,345.23,-1.02,-0.30
399,Evergy,EVRG,0.03,77.95,-0.36,-0.46
400,Paramount Skydance Corp,PSKY,0.03,16.33,-0.24,-1.45
401,Pentair,PNR,0.03,109.28,0.15,0.14
402,Coterra,CTRA,0.03,23.39,-0.29,-1.20
403,McCormick & Company,MKC,0.03,66.30,-0.83,-1.24
404,Best Buy,BBY,0.03,84.26,1.38,1.66
405,Lennox International,LII,0.03,503.67,1.45,0.29
406,Incyte,INCY,0.03,90.02,-3.06,-3.29
407,Alliant Energy,LNT,0.03,67.84,-1.02,-1.48
408,Invitation Homes,INVH,0.03,28.31,-0.57,-1.97
409,Weyerhaeuser,WY,0.03,23.82,-0.20,-0.85
410,Erie Indemnity,ERIE,0.03,325.44,-4.53,-1.37
411,Fortive,FTV,0.03,49.42,-0.05,-0.10
412,International Flavors & Fragrances,IFF,0.03,65.22,-0.07,-0.10
413,Essex Property Trust,ESS,0.03,257.93,-4.39,-1.67
414,Gen Digital,GEN,0.03,26.86,0.02,0.06
415,Hologic,HOLX,0.03,73.97,0.02,0.03
416,Centene Corporation,CNC,0.03,33.49,0.34,1.04
417,Southwest Airlines,LUV,0.03,31.76,-0.49,-1.53
418,Expeditors International,EXPD,0.03,120.70,1.05,0.87
419,J.B. Hunt,JBHT,0.03,167.67,-0.10,-0.06
420,"F5, Inc.",FFIV,0.02,268.16,-22.25,-7.66
421,LyondellBasell,LYB,0.02,47.74,-1.35,-2.76
422,Mid-America Apartment Communities,MAA,0.02,130.95,-2.06,-1.55
423,TKO Group Holdings,TKO,0.02,186.05,-1.46,-0.78
424,C.H. Robinson,CHRW,0.02,129.00,-0.06,-0.05
425,Omnicom Group,OMC,0.02,77.76,-1.44,-1.81
426,Kimco Realty,KIM,0.02,21.81,-0.57,-2.53
427,Allegion,ALLE,0.02,169.51,-1.43,-0.84
428,Masco,MAS,0.02,68.96,0.64,0.94
429,Cooper Companies (The),COO,0.02,72.02,-0.83,-1.14
430,Clorox,CLX,0.02,116.40,0.90,0.78
431,Textron,TXT,0.02,80.25,-0.22,-0.27
432,Avery Dennison,AVY,0.02,180.46,-0.01,-0.01
433,CF Industries,CF,0.02,86.53,0.14,0.16
434,Domino's,DPZ,0.02,414.06,1.36,0.33
435,Universal Health Services,UHS,0.02,216.77,2.74,1.28
436,Brown–Forman,BF.B,0.02,28.52,0.02,0.06
437,Ball Corporation,BALL,0.02,49.48,-0.37,-0.75
438,Nordson Corporation,NDSN,0.02,238.14,-0.22,-0.09
439,Builders FirstSource,BLDR,0.02,121.03,-2.16,-1.75
440,Zebra Technologies,ZBRA,0.02,262.74,-47.83,-15.40
441,Hormel Foods,HRL,0.02,23.82,0.08,0.32
442,Everest Group,EG,0.02,311.45,-32.54,-9.46
443,Deckers Brands,DECK,0.02,87.57,-2.90,-3.21
444,Regency Centers,REG,0.02,71.53,-1.65,-2.26
445,Fox Corporation (Class B),FOX,0.02,54.73,-0.08,-0.15
446,Fox Corporation (Class A),FOXA,0.02,61.31,0.04,0.07
447,Wynn Resorts,WYNN,0.02,122.24,-3.20,-2.55
448,Skyworks Solutions,SWKS,0.02,84.82,8.98,11.84
449,Healthpeak Properties,DOC,0.02,18.09,-0.97,-5.12
450,IDEX Corporation,IEX,0.02,166.62,-0.98,-0.58
451,Solventum,SOLV,0.02,71.30,-0.68,-0.94
452,Franklin Resources,BEN,0.02,23.32,-0.06,-0.28
453,Viatris,VTRS,0.02,10.37,-0.05,-0.53
454,"BXP, Inc.",BXP,0.02,74.31,-0.22,-0.30
455,Huntington Ingalls Industries,HII,0.02,299.74,-1.95,-0.65
456,Baxter International,BAX,0.02,22.87,-0.31,-1.32
457,"UDR, Inc.",UDR,0.02,35.23,-0.78,-2.17
458,Host Hotels & Resorts,HST,0.02,16.50,-0.14,-0.87
459,Albemarle Corporation,ALB,0.02,96.27,0.04,0.04
460,Jack Henry & Associates,JKHY,0.02,155.49,-0.81,-0.52
461,Stanley Black & Decker,SWK,0.02,72.99,0.91,1.26
462,Paycom,PAYC,0.02,200.08,-0.16,-0.08
463,Revvity,RVTY,0.02,96.92,-0.24,-0.25
464,J.M. Smucker Company (The),SJM,0.02,105.04,0.27,0.26
465,Generac,GNRC,0.02,189.68,-0.73,-0.39
466,Alexandria Real Estate Equities,ARE,0.02,64.89,-12.98,-16.67
467,Hasbro,HAS,0.02,78.18,0.09,0.11
468,Globe Life,GL,0.02,134.90,-0.09,-0.07
469,Camden Property Trust,CPT,0.02,102.12,-2.04,-1.96
470,Akamai Technologies,AKAM,0.02,75.94,0.45,0.59
471,FactSet,FDS,0.02,290.27,-0.06,-0.02
472,Pool Corporation,POOL,0.02,290.53,-3.03,-1.03
473,Pinnacle West,PNW,0.02,90.69,-1.11,-1.21
474,Dayforce,DAY,0.02,68.44,-0.02,-0.02
475,Invesco,IVZ,0.02,23.72,0.26,1.11
476,Assurant,AIZ,0.02,209.25,-2.94,-1.39
477,AES Corporation,AES,0.02,14.52,0.03,0.17
478,Moderna,MRNA,0.02,26.23,-0.43,-1.63
479,Norwegian Cruise Line Holdings,NCLH,0.02,22.33,-1.18,-5.02
480,News Corp (Class A),NWSA,0.02,26.92,0.16,0.62
481,Bio-Techne,TECH,0.02,64.39,0.14,0.21
482,Interpublic Group of Companies (The),IPG,0.02,26.62,-0.49,-1.81
483,Align Technology,ALGN,0.02,134.48,-1.18,-0.87
484,Mosaic Company (The),MOS,0.02,29.64,0.08,0.25
485,A. O. Smith,AOS,0.02,66.88,-1.73,-2.52
486,Campbell Soup Company,CPB,0.01,31.35,-0.04,-0.14
487,DaVita,DVA,0.01,130.25,0.70,0.54
488,Charles River Laboratories,CRL,0.01,188.17,-7.11,-3.64
489,Lamb Weston,LW,0.01,65.83,-0.74,-1.12
490,EPAM Systems,EPAM,0.01,162.08,-0.37,-0.23
491,Molson Coors Beverage Company,TAP,0.01,45.44,0.16,0.36
492,Conagra Brands,CAG,0.01,18.22,-0.29,-1.54
493,MGM Resorts,MGM,0.01,31.98,-0.93,-2.82
494,Federal Realty Investment Trust,FRT,0.01,98.35,-2.64,-2.62
495,Molina Healthcare,MOH,0.01,163.62,1.43,0.88
496,APA Corporation,APA,0.01,22.74,-0.61,-2.59
497,LKQ Corporation,LKQ,0.01,31.26,-0.22,-0.70
498,Match Group,MTCH,0.01,32.76,-0.06,-0.17
499,Henry Schein,HSIC,0.01,63.60,0.06,0.10
500,Mohawk Industries,MHK,0.01,119.60,0.41,0.34
